Datei,Jahr,Institution,Pfad
Bescheinigung _Aldi.pdf,2195,ALDI,C:\Users\49162\Desktop\AutoDocOrganizer\Archive\2195\ALDI\Bescheinigung _Aldi.pdf
Information zur Arbeitsbescheinigung (1).pdf,0800,Bundesagentur fur Arbeit,C:\Users\49162\Desktop\AutoDocOrganizer\Archive\0800\Bundesagentur fur Arbeit\Information zur Arbeitsbescheinigung (1).pdf
Information zur Arbeitsbescheinigung.pdf,0800,Bundesagentur fur Arbeit,C:\Users\49162\Desktop\AutoDocOrganizer\Archive\0800\Bundesagentur fur Arbeit\Information zur Arbeitsbescheinigung.pdf
logo.pdf,2025,_Unklar,C:\Users\49162\Desktop\AutoDocOrganizer\Archive\2025\_Unklar\logo.pdf
Bescheinigung _Aldi (1).pdf,2195,TK,C:\Users\49162\Desktop\AutoDocOrganizer\Archive\2195\TK\Bescheinigung _Aldi (1).pdf
Bescheinigung _Aldi.pdf,2195,TK,C:\Users\49162\Desktop\AutoDocOrganizer\Archive\2195\TK\Bescheinigung _Aldi.pdf
BG (1).pdf,2025,TK,C:\Users\49162\Desktop\AutoDocOrganizer\Archive\2025\TK\BG (1).pdf
Fragebogen zur Förderung der Teilnehme an einer BW.pdf,0004,Bildungstragers,C:\Users\49162\Desktop\AutoDocOrganizer\Archive\0004\Bildungstragers\Fragebogen zur Förderung der Teilnehme an einer BW.pdf
Rechnung 2 GernerBAU.pdf,2025,Volksbank,C:\Users\49162\Desktop\AutoDocOrganizer\Archive\2025\Volksbank\Rechnung 2 GernerBAU.pdf
Rechnung 27 GernerBAU.pdf,2025,Volksbank,C:\Users\49162\Desktop\AutoDocOrganizer\Archive\2025\Volksbank\Rechnung 27 GernerBAU.pdf
Rechnung 29 GernerBau.pdf,2025,Volksbank,C:\Users\49162\Desktop\AutoDocOrganizer\Archive\2025\Volksbank\Rechnung 29 GernerBau.pdf
Rechnung Baugenehmigung.pdf,2025,Serer Landkreis,C:\Users\49162\Desktop\AutoDocOrganizer\Archive\2025\Serer Landkreis\Rechnung Baugenehmigung.pdf
Rechnung Gerust 2.pdf,2025,Volksbank,C:\Users\49162\Desktop\AutoDocOrganizer\Archive\2025\Volksbank\Rechnung Gerust 2.pdf
Rechnung Strom ETS.pdf,2025,Volksbank,C:\Users\49162\Desktop\AutoDocOrganizer\Archive\2025\Volksbank\Rechnung Strom ETS.pdf
Roland Keller Architect.pdf,2025,Volksbank,C:\Users\49162\Desktop\AutoDocOrganizer\Archive\2025\Volksbank\Roland Keller Architect.pdf
Roland Keller Schlussrechnung.pdf,2025,Volksbank,C:\Users\49162\Desktop\AutoDocOrganizer\Archive\2025\Volksbank\Roland Keller Schlussrechnung.pdf
Sanitär 1.pdf,2025,BWJ GmbH & Co. KG,C:\Users\49162\Desktop\AutoDocOrganizer\Archive\2025\BWJ GmbH & Co. KG\Sanitär 1.pdf
SOMINT.pdf,2025,IKK,C:\Users\49162\Desktop\AutoDocOrganizer\Archive\2025\IKK\SOMINT.pdf
Telekom.pdf,2025,TK,C:\Users\49162\Desktop\AutoDocOrganizer\Archive\2025\TK\Telekom.pdf
TOITOI_Rechnung_163390726_2020-10-27_00_53_54.pdf,2025,TK,C:\Users\49162\Desktop\AutoDocOrganizer\Archive\2025\TK\TOITOI_Rechnung_163390726_2020-10-27_00_53_54.pdf
Trotec.PDF,2025,TK,C:\Users\49162\Desktop\AutoDocOrganizer\Archive\2025\TK\Trotec.PDF
Vermessung.pdf,2025,HPPVO,C:\Users\49162\Desktop\AutoDocOrganizer\Archive\2025\HPPVO\Vermessung.pdf
Roland Keller Schlussrechnung (1).pdf,2025,Volksbank,C:\Users\49162\Desktop\AutoDocOrganizer\Archive\2025\Volksbank\Roland Keller Schlussrechnung (1).pdf
Topometrist.pdf,2025,HPPVO,C:\Users\49162\Desktop\AutoDocOrganizer\Archive\2025\HPPVO\Topometrist.pdf
Rechnung Baugenehmigung (1).pdf,2025,Serer Landkreis,C:\Users\49162\Desktop\AutoDocOrganizer\Archive\2025\Serer Landkreis\Rechnung Baugenehmigung (1).pdf
Roland Keller Architect (1).pdf,2025,Volksbank,C:\Users\49162\Desktop\AutoDocOrganizer\Archive\2025\Volksbank\Roland Keller Architect (1).pdf
ADAC Mitgliedschaft kündigen (4).pdf,2025,Griinden,C:\Users\49162\Desktop\AutoDocOrganizer\Archive\2025\Griinden\ADAC Mitgliedschaft kündigen (4).pdf
ADAC Mitgliedschaft kündigen (5).pdf,2025,Griinden,C:\Users\49162\Desktop\AutoDocOrganizer\Archive\2025\Griinden\ADAC Mitgliedschaft kündigen (5).pdf
ADAC Mitgliedschaft kündigen (6).pdf,2025,Griinden,C:\Users\49162\Desktop\AutoDocOrganizer\Archive\2025\Griinden\ADAC Mitgliedschaft kündigen (6).pdf
ADAC Mitgliedschaft kündigen (7).pdf,2025,Griinden,C:\Users\49162\Desktop\AutoDocOrganizer\Archive\2025\Griinden\ADAC Mitgliedschaft kündigen (7).pdf
ADAC Mitgliedschaft kündigen (8).pdf,2025,Griinden,C:\Users\49162\Desktop\AutoDocOrganizer\Archive\2025\Griinden\ADAC Mitgliedschaft kündigen (8).pdf
ADAC Mitgliedschaft kündigen (9).pdf,2025,Griinden,C:\Users\49162\Desktop\AutoDocOrganizer\Archive\2025\Griinden\ADAC Mitgliedschaft kündigen (9).pdf
ADAC Mitgliedschaft kündigen (10).pdf,2025,Griinden,C:\Users\49162\Desktop\AutoDocOrganizer\Archive\2025\Griinden\ADAC Mitgliedschaft kündigen (10).pdf
ADAC Mitgliedschaft kündigen (11).pdf,2025,Griinden,C:\Users\49162\Desktop\AutoDocOrganizer\Archive\2025\Griinden\ADAC Mitgliedschaft kündigen (11).pdf
ADAC Mitgliedschaft kündigen (12).pdf,2025,Griinden,C:\Users\49162\Desktop\AutoDocOrganizer\Archive\2025\Griinden\ADAC Mitgliedschaft kündigen (12).pdf
ADAC Mitgliedschaft kündigen (13).pdf,2025,Griinden,C:\Users\49162\Desktop\AutoDocOrganizer\Archive\2025\Griinden\ADAC Mitgliedschaft kündigen (13).pdf
ADAC Mitgliedschaft kündigen (14).pdf,2025,Griinden,C:\Users\49162\Desktop\AutoDocOrganizer\Archive\2025\Griinden\ADAC Mitgliedschaft kündigen (14).pdf
ADAC Mitgliedschaft kündigen (15).pdf,2025,Griinden,C:\Users\49162\Desktop\AutoDocOrganizer\Archive\2025\Griinden\ADAC Mitgliedschaft kündigen (15).pdf
ADAC Mitgliedschaft kündigen (16).pdf,2025,Griinden,C:\Users\49162\Desktop\AutoDocOrganizer\Archive\2025\Griinden\ADAC Mitgliedschaft kündigen (16).pdf
ADAC Mitgliedschaft kündigen.pdf.part,2025,Griinden,C:\Users\49162\Desktop\AutoDocOrganizer\Archive\2025\Griinden\ADAC Mitgliedschaft kündigen.pdf.part
ADAC Mitgliedschaft kündigen (1).pdf,2025,Griinden,C:\Users\49162\Desktop\AutoDocOrganizer\Archive\2025\Griinden\ADAC Mitgliedschaft kündigen (1).pdf
ADAC Mitgliedschaft kündigen (2).pdf,2025,Griinden,C:\Users\49162\Desktop\AutoDocOrganizer\Archive\2025\Griinden\ADAC Mitgliedschaft kündigen (2).pdf
ADAC Mitgliedschaft kündigen (3).pdf,2025,Griinden,C:\Users\49162\Desktop\AutoDocOrganizer\Archive\2025\Griinden\ADAC Mitgliedschaft kündigen (3).pdf
Eon - 242130243355 - 28.02.2024 - 08.01.2025 - Rechnung.pdf,2025,TK,C:\Users\49162\Desktop\AutoDocOrganizer\Archive\2025\TK\Eon - 242130243355 - 28.02.2024 - 08.01.2025 - Rechnung.pdf
ADAC Mitgliedschaft kündigen.pdf,2025,Griinden,C:\Users\49162\Desktop\AutoDocOrganizer\Archive\2025\Griinden\ADAC Mitgliedschaft kündigen.pdf
